INSERT INTO sloc.sloc_user (user_id, student_number, username, password, real_name, nickname, gender, department, grade, major, mail, phone, campus, dormitory, birthday, nation, politics_status, create_time, modify_time, deletion_time, del_flag, admin_flag) VALUES (1851906057212100608, 'fu/CDaG8lRWGv5ME2cSx0w==', '24yhgong', 'WhIdM7g6qhnJbX4+jkG3Aw==', '龚煜涵', '泡芙', '女', '秘书部', 24, '环艺', '3yG4/DNkfTKjmu7OJTj87lGkqBqFVq9AWKJHo9x9Bnc=', 'B88GycFR2M9m679IS5hZCQ==', '东海岸校区', 'I栋422', '2006-01-06 00:00:00', '汉族', '群众', '2024-10-31 16:36:25', '2024-10-31 16:36:25', null, 0, 2);
INSERT INTO sloc.sloc_user (user_id, student_number, username, password, real_name, nickname, gender, department, grade, major, mail, phone, campus, dormitory, birthday, nation, politics_status, create_time, modify_time, deletion_time, del_flag, admin_flag) VALUES (1851906058986291200, 'P6DhQycJnzzv2O1Io1MZ5A==', '24shpan', 'jrkMD4Ll1OsZSDjAS5nhEw==', '潘少豪', '潘少', '男', '秘书部', 24, '电子与计算机工程', 'R5f32Rr7+T9r/RS0LlVk85mCRwQ/JqnuMi8m8yCef9M=', 'EAIsYLrqWgAkujvxILyRiA==', '东海岸校区', 'b0526', '2006-06-10 00:00:00', '瑶族', '群众', '2024-10-31 16:36:26', '2024-10-31 16:36:26', null, 0, 2);
INSERT INTO sloc.sloc_user (user_id, student_number, username, password, real_name, nickname, gender, department, grade, major, mail, phone, campus, dormitory, birthday, nation, politics_status, create_time, modify_time, deletion_time, del_flag, admin_flag) VALUES (1851906059049205760, 'WTsk8CqnJusn7YuBEhM3iQ==', '24xqpei', '5hI35tYf3jaewLEIyyC9PQ==', '裴心琪', '佩奇', '女', '秘书部', 24, '西语', 'ynumLq6nDrEM9U7XDF8gPZmCRwQ/JqnuMi8m8yCef9M=', 'XCJu/s90DB+71uKqfbKEUA==', '东海岸校区', 'E0712', '2006-01-29 00:00:00', '汉族', '共青团员', '2024-10-31 16:36:26', '2024-10-31 16:36:26', null, 0, 2);
INSERT INTO sloc.sloc_user (user_id, student_number, username, password, real_name, nickname, gender, department, grade, major, mail, phone, campus, dormitory, birthday, nation, politics_status, create_time, modify_time, deletion_time, del_flag, admin_flag) VALUES (1851906059086954496, 'yl2kkCR5jhOZTKcKes1hWg==', '24jhmai', '3M2dsLZd6i1rWoFZi4Zw3g==', '麦嘉慧', '小麦', '女', '秘书部', 24, '法学', 'PN8fRaBimF40RftFgZt0RJmCRwQ/JqnuMi8m8yCef9M=', 'duELZAFL2gWv+A9WH3BmXw==', '东海岸校区', 'G1007', '2005-11-08 00:00:00', '汉族', '共青团员', '2024-10-31 16:36:26', '2024-10-31 16:36:26', null, 0, 2);
INSERT INTO sloc.sloc_user (user_id, student_number, username, password, real_name, nickname, gender, department, grade, major, mail, phone, campus, dormitory, birthday, nation, politics_status, create_time, modify_time, deletion_time, del_flag, admin_flag) VALUES (1851906059133091840, 'HaUiGW7jtbZh0/9wcwkmBQ==', '24khxiao', 'NjkkNQh5IcpHSyTBAhWeLw==', '肖科慧', '肖肖', '女', '秘书部', 24, '计科', 'hDwSW6EONgO9zckBaiWEeAV8ZTWWMfkQjqDrKHem3CQ=', 'f4Y20e2gOiBJXqW1yOo7xw==', '东海岸校区', 'A903', '2005-10-17 00:00:00', '汉族', '共青团员', '2024-10-31 16:36:26', '2024-10-31 16:36:26', null, 0, 2);
INSERT INTO sloc.sloc_user (user_id, student_number, username, password, real_name, nickname, gender, department, grade, major, mail, phone, campus, dormitory, birthday, nation, politics_status, create_time, modify_time, deletion_time, del_flag, admin_flag) VALUES (1851906059170840576, 'vycS5k5DHqm9GdWL1/4P7Q==', '23xhwang', 'NVSi8WkSlpLIj5LBI9WGAw==', '王晓涵', '欧耶', '男', '秘书部', 23, '临床5+3', 'Ox7Em1ViHU7HzaRHSJ0VhgV8ZTWWMfkQjqDrKHem3CQ=', 'uoGPRitb136Xg8u9xKdTnA==', '桑浦山校区', '新修远二期二幢313', '2005-06-25 00:00:00', '汉族', '共青团员', '2024-10-31 16:36:26', '2024-10-31 16:36:26', null, 0, 2);
INSERT INTO sloc.sloc_user (user_id, student_number, username, password, real_name, nickname, gender, department, grade, major, mail, phone, campus, dormitory, birthday, nation, politics_status, create_time, modify_time, deletion_time, del_flag, admin_flag) VALUES (1851906059208589312, 'WbvxQAYn62tIXmzDPqTjBA==', '23trwang', 'WF8D8QhE4JICVmYKBZGyqw==', '王通润', '闰土', '男', '公关部', 23, '通信工程', '5Mq8AyTLAchYFUiW4IVv/QV8ZTWWMfkQjqDrKHem3CQ=', 'm3IGsArUqWulCiEtMsICfA==', '桑浦山校区', 'c113', '2004-12-09 00:00:00', '汉族', '共青团员', '2024-10-31 16:36:26', '2024-10-31 16:36:26', null, 0, 0);
INSERT INTO sloc.sloc_user (user_id, student_number, username, password, real_name, nickname, gender, department, grade, major, mail, phone, campus, dormitory, birthday, nation, politics_status, create_time, modify_time, deletion_time, del_flag, admin_flag) VALUES (1851906059258920960, 'qsoE9J4tRKG3NJeRoF+dgA==', '24mmshan', 'E0nUAteSzJRTHO10ZuT2vg==', '闪明玫', '棉毛衫', '女', '公关部', 24, '法学', '4qMUWLDUMSrwyf8p1VIAjwV8ZTWWMfkQjqDrKHem3CQ=', 'Xs3bTOfs+PVPLKzlm7z5zQ==', '东海岸校区', 'G1004', '2005-10-08 00:00:00', '回族', '群众', '2024-10-31 16:36:26', '2024-10-31 16:36:26', null, 0, 0);
INSERT INTO sloc.sloc_user (user_id, student_number, username, password, real_name, nickname, gender, department, grade, major, mail, phone, campus, dormitory, birthday, nation, politics_status, create_time, modify_time, deletion_time, del_flag, admin_flag) VALUES (1851906059296669696, 'n6m95nDJFQusH8zAWlEivw==', '24sqxia', 'GEA4v0QEwE5vrSlFmusJdA==', '夏诗淇', 'haxigei', '女', '公关部', 24, '市场营销', 'Fb7W2Z+FrZTE3RSdwFCFmpmCRwQ/JqnuMi8m8yCef9M=', 'yXH+W8pxNUL5YbQ99udQmw==', '东海岸校区', 'c1109', '2006-04-26 00:00:00', '汉族', '共青团员', '2024-10-31 16:36:26', '2024-10-31 16:36:26', null, 0, 0);
INSERT INTO sloc.sloc_user (user_id, student_number, username, password, real_name, nickname, gender, department, grade, major, mail, phone, campus, dormitory, birthday, nation, politics_status, create_time, modify_time, deletion_time, del_flag, admin_flag) VALUES (1851906059326029824, 'j1ZPpbs1t5diEY3rxjf8rg==', '24yxzheng1', 'A4psei2ow3JMqxBDvG9Kaw==', '郑洋鑫', '小恐龙', '男', '公关部', 24, '法学', 'xPhvkKyX+14MQ4FBogPA/pp8UrRllaNGIsL045CfLIM=', 'tLHQeNQoFVE9DGAU6LMJEg==', '东海岸校区', 'G0303', '2006-07-14 00:00:00', '汉族', '共青团员', '2024-10-31 16:36:26', '2024-10-31 16:36:26', null, 0, 0);
INSERT INTO sloc.sloc_user (user_id, student_number, username, password, real_name, nickname, gender, department, grade, major, mail, phone, campus, dormitory, birthday, nation, politics_status, create_time, modify_time, deletion_time, del_flag, admin_flag) VALUES (1851906059355389952, 'FdJNKlau5z4qxWeXXOFWUQ==', '23scxu', '0IL27oTj5Vb9GT6zeiewmA==', '许少聪', '钊钊', '男', '公关部', 23, '智能制造工程', 'lp79bbEoHYnDIh1KOKwlzeute+QXn2kO1Pq7L60v0x8=', 'E5iXfeiStMrE7feu7MaYvg==', '桑浦山校区', 'c518', '2005-03-11 00:00:00', '汉族', '共青团员', '2024-10-31 16:36:26', '2024-10-31 16:36:26', null, 0, 0);
INSERT INTO sloc.sloc_user (user_id, student_number, username, password, real_name, nickname, gender, department, grade, major, mail, phone, campus, dormitory, birthday, nation, politics_status, create_time, modify_time, deletion_time, del_flag, admin_flag) VALUES (1851906059376361472, 'wY4lImB8bJWu0WVgrn8AEg==', '24lwhuang', 'DE/0P9SPDRJn0oORv+dIDw==', '黄莉微', '李维', '女', '公关部', 24, '生技', 'm4DO3htCKoBIp2MinXYaxVYZFztqK/bDarrDgrdzszw=', 'cXsI5BNUK4hRGz4MmOUgKQ==', '东海岸校区', 'A1138', '2005-12-06 00:00:00', '汉族', '群众', '2024-10-31 16:36:26', '2024-10-31 16:36:26', null, 0, 0);
INSERT INTO sloc.sloc_user (user_id, student_number, username, password, real_name, nickname, gender, department, grade, major, mail, phone, campus, dormitory, birthday, nation, politics_status, create_time, modify_time, deletion_time, del_flag, admin_flag) VALUES (1851906059405721600, 'kxbZ7jjbfCRBZ+vkevcz3g==', 'hlzheng', 'BZDgSVppj5JQpO5nnKrx3g==', '郑鹤龙', '含羞草', '男', '公关部', 24, '行管智慧', 'N/lNgjMBsZY2WxpjERV1N5mCRwQ/JqnuMi8m8yCef9M=', '7KRfNSUiNSFbM1+ToEDE2w==', '东海岸校区', 'G502', '2002-02-24 00:00:00', '汉族', '群众', '2024-10-31 16:36:26', '2024-10-31 16:36:26', null, 0, 0);
INSERT INTO sloc.sloc_user (user_id, student_number, username, password, real_name, nickname, gender, department, grade, major, mail, phone, campus, dormitory, birthday, nation, politics_status, create_time, modify_time, deletion_time, del_flag, admin_flag) VALUES (1851906059439276032, 'O6U7go+C5OjfGmjlEykLlQ==', '24hhdeng', 'yThLtzjbD8ou44CrEC01DA==', '邓灏海', '灏貉', '男', '训练部', 24, '生物医学科学', 'BmfEmHMFoG0IIACCR+j4PQV8ZTWWMfkQjqDrKHem3CQ=', 'sZC8Ms2L1KXheV+jFZJKEA==', '东海岸校区', 'I座0627', '2005-11-06 00:00:00', '汉族', '共青团员', '2024-10-31 16:36:26', '2024-10-31 16:36:26', null, 0, 0);
INSERT INTO sloc.sloc_user (user_id, student_number, username, password, real_name, nickname, gender, department, grade, major, mail, phone, campus, dormitory, birthday, nation, politics_status, create_time, modify_time, deletion_time, del_flag, admin_flag) VALUES (1851906059464441856, 'FHVhbr03g0WO/HTVfcTRoA==', 'ybzhang', '4Ayjj0u+sA1NZbpYuugpPQ==', '张宇博', '波sir', '男', '训练部', 24, '机械设计', 'IddhKs4Mxj9qLsRTnlSy0JmCRwQ/JqnuMi8m8yCef9M=', '/hdfszP2X3hNN/dX/97pMg==', '东海岸校区', 'b栋738', '2006-07-25 00:00:00', '汉族', '群众', '2024-10-31 16:36:26', '2024-10-31 16:36:26', null, 0, 0);
INSERT INTO sloc.sloc_user (user_id, student_number, username, password, real_name, nickname, gender, department, grade, major, mail, phone, campus, dormitory, birthday, nation, politics_status, create_time, modify_time, deletion_time, del_flag, admin_flag) VALUES (1851906059514773504, '59S2zj7bJRTYCY1LqctNHA==', '24zhchen6', 'Ikw/8spx7jDhU6iK+DXs4A==', '陈紫涵', '克拉', '女', '训练部', 24, '土木工程', 'Q0HjvdAsFcAv8pIaUZI1t1YZFztqK/bDarrDgrdzszw=', 'rxmDp9PAqalkbtoWgYci7g==', '东海岸校区', 'B1012', '2006-09-19 00:00:00', '汉族', '群众', '2024-10-31 16:36:26', '2024-10-31 16:36:26', null, 0, 0);
INSERT INTO sloc.sloc_user (user_id, student_number, username, password, real_name, nickname, gender, department, grade, major, mail, phone, campus, dormitory, birthday, nation, politics_status, create_time, modify_time, deletion_time, del_flag, admin_flag) VALUES (1851906059548327936, '3G3fCM1ZOIymuFwSMl7iFQ==', '23hxu', '1bypQAPROh+xIq+KRXCb4Q==', '徐烜', 'XX', '男', '训练部', 23, '海洋科学', '+ABg3RoufOJtHqAUkalg1ZIxArbFYuhF/wJiBlimnt0=', 'drHfho1Ne5GsB+jTg2PsZQ==', '桑浦山校区', '知行309B', '2005-07-28 00:00:00', '汉族', '共青团员', '2024-10-31 16:36:26', '2024-10-31 16:36:26', null, 0, 0);
INSERT INTO sloc.sloc_user (user_id, student_number, username, password, real_name, nickname, gender, department, grade, major, mail, phone, campus, dormitory, birthday, nation, politics_status, create_time, modify_time, deletion_time, del_flag, admin_flag) VALUES (1851906059573493760, 'cQMtlnnpQBZkpY2oj+T6AA==', '24zyhou', 'Psy1FkMrNVRdWaekaM5soA==', '侯哲宇', '花海', '男', '训练部', 24, '级临床5+3', 'AsPAxprbMTApcUKdf/odVJmCRwQ/JqnuMi8m8yCef9M=', 'OZpVqDyko7q1zdln9MQwwQ==', '桑浦山校区', '新修远二期二栋902', '2006-02-20 00:00:00', '汉族', '共青团员', '2024-10-31 16:36:26', '2024-10-31 16:36:26', null, 0, 0);
INSERT INTO sloc.sloc_user (user_id, student_number, username, password, real_name, nickname, gender, department, grade, major, mail, phone, campus, dormitory, birthday, nation, politics_status, create_time, modify_time, deletion_time, del_flag, admin_flag) VALUES (1851906059602853888, 'FpkMdpeYssByyb3R1nFPVA==', '24szxu', 'LP1b0wqC9hWUV1o9tBQN0g==', '徐树钊', '电磁王', '男', '训练部', 24, '海洋科学', 'uG9pqNmzRNbTvuo2bc6jsuute+QXn2kO1Pq7L60v0x8=', 'jdD0d1cBlzmiDeoFvmB07w==', '东海岸校区', '1514', '2005-12-27 00:00:00', '汉族', '共青团员', '2024-10-31 16:36:26', '2024-10-31 16:36:26', null, 0, 0);
INSERT INTO sloc.sloc_user (user_id, student_number, username, password, real_name, nickname, gender, department, grade, major, mail, phone, campus, dormitory, birthday, nation, politics_status, create_time, modify_time, deletion_time, del_flag, admin_flag) VALUES (1851906059623825408, 'ogLBlfk+xxOR5QOP2pE8Mw==', '24zxhuang2', 'tkQzU6ICC1jqSZsE8F35Mw==', '黄泽娴', '白银', '女', '训练部', 24, '级护理', 'aHC5cDjVQUtxiFBhldGSBZp8UrRllaNGIsL045CfLIM=', 'BT0CIE6jEz7xZmwfku93Rg==', '东海岸校区', 'i612', '2006-05-05 00:00:00', '汉族', '群众', '2024-10-31 16:36:26', '2024-10-31 16:36:26', null, 0, 0);
INSERT INTO sloc.sloc_user (user_id, student_number, username, password, real_name, nickname, gender, department, grade, major, mail, phone, campus, dormitory, birthday, nation, politics_status, create_time, modify_time, deletion_time, del_flag, admin_flag) VALUES (1851906059648991232, 'kPh3VPI1TL+tTb0SmOrfKQ==', '24kfsong', 'tCRl7/VtxY0x7ONdth3mfw==', '宋凱豐', '黄蜂', '男', '训练部', 24, '工商管理', 'TJAu7f/0Z8Q2OAXLQnkUAAV8ZTWWMfkQjqDrKHem3CQ=', 'gNVavsrHzfqRlN5vY42CPA==', '东海岸校区', 'c0611', '2005-01-16 00:00:00', '汉族', '群众', '2024-10-31 16:36:26', '2024-10-31 16:36:26', null, 0, 0);
INSERT INTO sloc.sloc_user (user_id, student_number, username, password, real_name, nickname, gender, department, grade, major, mail, phone, campus, dormitory, birthday, nation, politics_status, create_time, modify_time, deletion_time, del_flag, admin_flag) VALUES (1851906059674157056, 'O0OdTeD/wpX7ch6sHPXleg==', '24qlqiu', '7ti5pRCWgd6sKoDZlErhnw==', '丘巧丽', '飞鱼', '女', '训练部', 24, '环境工程', '/OLyi4lDxoqW4er6mQfuZ5mCRwQ/JqnuMi8m8yCef9M=', 'qa2sjVz1TyuQ+q9KmygIcw==', '东海岸校区', 'B栋1029', '2006-07-05 00:00:00', '汉族', '共青团员', '2024-10-31 16:36:26', '2024-10-31 16:36:26', null, 0, 0);
INSERT INTO sloc.sloc_user (user_id, student_number, username, password, real_name, nickname, gender, department, grade, major, mail, phone, campus, dormitory, birthday, nation, politics_status, create_time, modify_time, deletion_time, del_flag, admin_flag) VALUES (1851906059699322880, 'ERXnkn5CKr2ggZTm3RIW6Q==', '24slhe', 'JiUdkSqB+xgxcCTr/LC8wg==', '何舒蕾', '舒芙蕾', '女', '训练部', 24, '工商管理', 'c18sd7fgjBY9Q8KPTAuJN+ute+QXn2kO1Pq7L60v0x8=', 'me1+kolWbP3IINPmrK5+RA==', '东海岸校区', 'c517', '2006-07-02 00:00:00', '汉族', '共青团员', '2024-10-31 16:36:26', '2024-10-31 16:36:26', null, 0, 0);
INSERT INTO sloc.sloc_user (user_id, student_number, username, password, real_name, nickname, gender, department, grade, major, mail, phone, campus, dormitory, birthday, nation, politics_status, create_time, modify_time, deletion_time, del_flag, admin_flag) VALUES (1851906059720294400, 'B+dsIKfzGQlLN9Btvnx37A==', '23smle', 'bIuVNSMaCwjsopDHW4YS+w==', '乐诗民', 'hang', '男', '训练部', 23, '电子信息工程', 'ZyDmx/M6tmANb9AO1qLm/eute+QXn2kO1Pq7L60v0x8=', 'Yo9s0zRILo1j2lbU2jQ3fg==', '桑浦山校区', '二期一栋822', '2005-12-08 00:00:00', '汉族', '共青团员', '2024-10-31 16:36:26', '2024-10-31 16:36:26', null, 0, 0);
INSERT INTO sloc.sloc_user (user_id, student_number, username, password, real_name, nickname, gender, department, grade, major, mail, phone, campus, dormitory, birthday, nation, politics_status, create_time, modify_time, deletion_time, del_flag, admin_flag) VALUES (1851906059749654528, '/4rIZ4XBmZ5PDTIH5oysKA==', '23jliu2', 'BiHXAj9/666Ii7ZPHvGryw==', '刘君', '懒羊', '男', '装备部', 23, '工商管理', 'W9b7erbafRJGR41LnndDb5mCRwQ/JqnuMi8m8yCef9M=', 'H2pCdXY1iKnBkntznsukpA==', '东海岸校区', 'd323', '2005-06-07 00:00:00', '汉族', '共青团员', '2024-10-31 16:36:26', '2024-10-31 16:36:26', null, 0, 1);
INSERT INTO sloc.sloc_user (user_id, student_number, username, password, real_name, nickname, gender, department, grade, major, mail, phone, campus, dormitory, birthday, nation, politics_status, create_time, modify_time, deletion_time, del_flag, admin_flag) VALUES (1851906059774820352, 'HKMmkG7kcRxqE4Z1Vg6YAA==', '24hqqin', 'qk28OTFvv9Wei/+5ibPDfw==', '秦海钦', '海星', '男', '装备部', 24, '法学', 'yvIged4wlTie89ek/HL0Y5mCRwQ/JqnuMi8m8yCef9M=', 'EknUMaIgAttNJftFoVPpFg==', '东海岸校区', 'G304', '2005-10-10 00:00:00', '汉族', '群众', '2024-10-31 16:36:26', '2024-10-31 16:36:26', null, 0, 1);
INSERT INTO sloc.sloc_user (user_id, student_number, username, password, real_name, nickname, gender, department, grade, major, mail, phone, campus, dormitory, birthday, nation, politics_status, create_time, modify_time, deletion_time, del_flag, admin_flag) VALUES (1851906059795791872, 'qugUeVzyTZv3Dm39+UGGJg==', '24yhliang2', '7kbdvFX2rETAuphBNGWXCQ==', '梁一航', '猎鹰', '男', '装备部', 24, '土木工程', '8wqxl4l5xxi9bKfCt+Ohnpp8UrRllaNGIsL045CfLIM=', 'uUUxvcEI/PK+CBolxq7iMQ==', '东海岸校区', 'B栋0412', '2006-03-03 00:00:00', '汉族', '群众', '2024-10-31 16:36:26', '2024-10-31 16:36:26', null, 0, 1);
INSERT INTO sloc.sloc_user (user_id, student_number, username, password, real_name, nickname, gender, department, grade, major, mail, phone, campus, dormitory, birthday, nation, politics_status, create_time, modify_time, deletion_time, del_flag, admin_flag) VALUES (1851906059816763392, 'fHQRnjwHQWkchrWbX5KoJQ==', '24yczhao', 'GLUkI9VZlDoSvgY+s6Tryg==', '赵翊岑', '极品奶牛猫', '女', '装备部', 24, '公共艺术', 'bcBtRxgbwld29S+yfpWN2gV8ZTWWMfkQjqDrKHem3CQ=', 'dwVRY/wXHCwZk8tcKhzp8A==', '东海岸校区', 'i座317', '2005-12-28 00:00:00', '彝族', '共青团员', '2024-10-31 16:36:26', '2024-10-31 16:36:26', null, 0, 1);
INSERT INTO sloc.sloc_user (user_id, student_number, username, password, real_name, nickname, gender, department, grade, major, mail, phone, campus, dormitory, birthday, nation, politics_status, create_time, modify_time, deletion_time, del_flag, admin_flag) VALUES (1851906059837734912, 'DndeEnTDeta+EV5DCi0rPQ==', '24xtan2', 'nyM41T08LjozxD0r6BB6Gw==', '谭馨', '纯情大吗喽', '女', '装备部', 24, '材料', 'xsiGauys/Ib6fQ0JXPpy35mCRwQ/JqnuMi8m8yCef9M=', 'kk5h7IJSQi8IH/u/Uh8c/w==', '桑浦山校区', 'B1036', '2005-10-24 00:00:00', '汉族', '群众', '2024-10-31 16:36:26', '2024-10-31 16:36:26', null, 0, 1);
INSERT INTO sloc.sloc_user (user_id, student_number, username, password, real_name, nickname, gender, department, grade, major, mail, phone, campus, dormitory, birthday, nation, politics_status, create_time, modify_time, deletion_time, del_flag, admin_flag) VALUES (1851906059858706432, 'lvhW1aAV/SlD1JDksvBa6A==', '24ytan1', 'q+YiNqlVJaKqwXyXIm70rQ==', '谭懿', '古希腊掌管睡眠的神', '女', '装备部', 24, '通信工程', 'Byrqj2dKen5+g+YwH+ZHBJmCRwQ/JqnuMi8m8yCef9M=', 'EJMvY74ZDY4R98H1MYPKVQ==', '东海岸校区', 'b1305', '2005-10-24 00:00:00', '汉族', '共青团员', '2024-10-31 16:36:26', '2024-10-31 16:36:26', null, 0, 1);
INSERT INTO sloc.sloc_user (user_id, student_number, username, password, real_name, nickname, gender, department, grade, major, mail, phone, campus, dormitory, birthday, nation, politics_status, create_time, modify_time, deletion_time, del_flag, admin_flag) VALUES (1851906059879677952, 'z4+ViDCDGnsMfN7FENXdiw==', '23xliao1', 'yDxGhll5PTUtgNbAgfvXdw==', '廖轩', '野牛', '男', '装备部', 23, '应化', 'gUKoSn7omFSTqiScRlp4XAV8ZTWWMfkQjqDrKHem3CQ=', 'hCj/ASrW0Si+ckJOAEXXmA==', '桑浦山校区', '知行书院304', '2006-03-09 00:00:00', '汉族', '共青团员', '2024-10-31 16:36:26', '2024-10-31 16:36:26', null, 0, 1);
INSERT INTO sloc.sloc_user (user_id, student_number, username, password, real_name, nickname, gender, department, grade, major, mail, phone, campus, dormitory, birthday, nation, politics_status, create_time, modify_time, deletion_time, del_flag, admin_flag) VALUES (1851906059900649472, 'IYh0+25MYU654LyhquHECA==', '24qhjiang', 'RFE3eJceC9z3en18/bVN4A==', '蒋沁航', '白鹭', '女', '装备部', 24, '数媒', 'XRGmzchOwcAN/JzsJU5mKNBXO+XCc4t3KPtaFYocTzM=', 'ieVVzNxh0wEYP4PcNdce9w==', '东海岸校区', 'i栋403', '2006-07-10 00:00:00', '汉族', '群众', '2024-10-31 16:36:26', '2024-10-31 16:36:26', null, 0, 1);
INSERT INTO sloc.sloc_user (user_id, student_number, username, password, real_name, nickname, gender, department, grade, major, mail, phone, campus, dormitory, birthday, nation, politics_status, create_time, modify_time, deletion_time, del_flag, admin_flag) VALUES (1851906059921620992, 'ku0oVgWQ8LE4HcLn/m9BVQ==', '23elchen', 'qKidIvDq1F/4Lbh2afPbpQ==', '陈恩琳', '猛男不猛', '女', '装备部', 24, '应用化学', 'tD79iu47Czik4s+Aoqp8ogV8ZTWWMfkQjqDrKHem3CQ=', 'w/IPTz2wRdgh3V+D4wy6tA==', '桑浦山校区', '知行书院303', '2004-09-08 00:00:00', '瑶族', '共青团员', '2024-10-31 16:36:26', '2024-10-31 16:36:26', null, 0, 1);
INSERT INTO sloc.sloc_user (user_id, student_number, username, password, real_name, nickname, gender, department, grade, major, mail, phone, campus, dormitory, birthday, nation, politics_status, create_time, modify_time, deletion_time, del_flag, admin_flag) VALUES (1851906059946786816, 'iKl5OVe0LEuTq2srJtvyVQ==', '22mbhe', '+GiM/jpb0wqra6qGX9mf7Q==', '何美蓓', '面包', '女', '宣传部', 24, '网络与新媒体', 'HG84dXc5w3sJ2dPj1MHcgeute+QXn2kO1Pq7L60v0x8=', 'YBWh4ctPg1G3vG2/HgdVkQ==', '东海岸校区', 'F626', '2003-12-21 00:00:00', '汉族', '共青团员', '2024-10-31 16:36:26', '2024-10-31 16:36:26', null, 0, 0);
INSERT INTO sloc.sloc_user (user_id, student_number, username, password, real_name, nickname, gender, department, grade, major, mail, phone, campus, dormitory, birthday, nation, politics_status, create_time, modify_time, deletion_time, del_flag, admin_flag) VALUES (1851906059963564032, 'hFspq4oHh68ETJfLYNADqQ==', '24xwzeng1', 'QYQu7o3RB2v3/9CBFhIqpA==', '曾雪雯', 'seven', '女', '宣传部', 24, '英语', 'UjCUFAL0o259HwmF0qz3alYZFztqK/bDarrDgrdzszw=', '0z2TRg2xQAPkNA3HPrm+ew==', '东海岸校区', '东海岸校区E栋406', '2005-11-04 00:00:00', '汉族', '共青团员', '2024-10-31 16:36:26', '2024-10-31 16:36:26', null, 0, 0);
INSERT INTO sloc.sloc_user (user_id, student_number, username, password, real_name, nickname, gender, department, grade, major, mail, phone, campus, dormitory, birthday, nation, politics_status, create_time, modify_time, deletion_time, del_flag, admin_flag) VALUES (1851906059988729856, 'uFozQGzXrNKuvtAOypmV/w==', '24srpeng', 'xt3KGMkpai7SaJLgU583Cg==', '彭绍锐', '猴子大王', '男', '宣传部', 24, '机械设计', 'zbSaCGPwFf33+6RE/8LNAAV8ZTWWMfkQjqDrKHem3CQ=', '5LLlVHvXCjxHgxb+/CzjPA==', '东海岸校区', '806', '2005-10-01 00:00:00', '汉族', '共青团员', '2024-10-31 16:36:26', '2024-10-31 16:36:26', null, 0, 0);
INSERT INTO sloc.sloc_user (user_id, student_number, username, password, real_name, nickname, gender, department, grade, major, mail, phone, campus, dormitory, birthday, nation, politics_status, create_time, modify_time, deletion_time, del_flag, admin_flag) VALUES (1851906060009701376, '25uMNJRyqs7HdFFjbN5Crw==', '24syfeng', 'lSv4VCHS/93sB1qDRiTpjw==', '冯思语', '溪羽', '女', '宣传部', 24, '计科', 'xlpFX3dWk2YVRuSNosI5UwV8ZTWWMfkQjqDrKHem3CQ=', 'uofXmQbLMCs5EoTlO+tkTw==', '东海岸校区', 'A907', '2006-09-27 00:00:00', '汉族', '共青团员', '2024-10-31 16:36:26', '2024-10-31 16:36:26', null, 0, 0);
INSERT INTO sloc.sloc_user (user_id, student_number, username, password, real_name, nickname, gender, department, grade, major, mail, phone, campus, dormitory, birthday, nation, politics_status, create_time, modify_time, deletion_time, del_flag, admin_flag) VALUES (1851906060034867200, '/EcI897a/s5Pk4NxWlBKpQ==', '24nzhang', 'NUdes6lzomRmNCGLpNrG9A==', '张娜', '章鱼', '女', '宣传部', 24, '公共艺术', '+RFnu0/FDYIgYUwTZYAv7QV8ZTWWMfkQjqDrKHem3CQ=', 'x/2GSxonh/4aTRYkn1oSbw==', '东海岸校区', 'I栋426', '2025-01-26 00:00:00', '汉族', '群众', '2024-10-31 16:36:26', '2024-10-31 16:36:26', null, 0, 0);
INSERT INTO sloc.sloc_user (user_id, student_number, username, password, real_name, nickname, gender, department, grade, major, mail, phone, campus, dormitory, birthday, nation, politics_status, create_time, modify_time, deletion_time, del_flag, admin_flag) VALUES (1851906060060033024, 'hFspq4oHh68ETJfLYNADqQ==', '24hytan', '6Lq5KBIRNwuEue6s/5jOJw==', '谭蕙莹', '小win', '女', '宣传部', 24, '涉外法务', 'Q4nF3gzTnbz8+Tv08IJ69JmCRwQ/JqnuMi8m8yCef9M=', '3pokT5Xo9NyhNChNWU616w==', '东海岸校区', 'G908', '2006-08-24 00:00:00', '汉族', '共青团员', '2024-10-31 16:36:26', '2024-10-31 16:36:26', null, 0, 0);
INSERT INTO sloc.sloc_user (user_id, student_number, username, password, real_name, nickname, gender, department, grade, major, mail, phone, campus, dormitory, birthday, nation, politics_status, create_time, modify_time, deletion_time, del_flag, admin_flag) VALUES (1851906060081004544, 'fhWGMNnwqlUzlEasIw6DQQ==', '24zqguo2', 'jnxGxRm083ZaeSpfqvle4g==', '郭志强', '孤傲狼王', '男', '宣传部', 24, '生物技术', '4IpcXqOIQD7c3hKkMGkbpAV8ZTWWMfkQjqDrKHem3CQ=', 'r0eo2q84ur2KXsd4LHlN/g==', '东海岸校区', '1815', '2006-03-29 00:00:00', '汉族', '群众', '2024-10-31 16:36:26', '2024-10-31 16:36:26', null, 0, 0);
INSERT INTO sloc.sloc_user (user_id, student_number, username, password, real_name, nickname, gender, department, grade, major, mail, phone, campus, dormitory, birthday, nation, politics_status, create_time, modify_time, deletion_time, del_flag, admin_flag) VALUES (1851906060106170368, 'mjIjcQDtmGOVJtTZjc0NSA==', '24zxlin1', '5dj9ieFVQmVHhXuiapbshQ==', '林泽熙', 'CC', '男', '宣传部', 24, '计科', 'KTQaBRWCJyXdnZaAIHWcDAV8ZTWWMfkQjqDrKHem3CQ=', 'yChpRchQLidwYaxuh/TIYA==', '东海岸校区', 'A226', '2005-09-03 00:00:00', '汉族', '共青团员', '2024-10-31 16:36:26', '2024-10-31 16:36:26', null, 0, 0);
INSERT INTO sloc.sloc_user (user_id, student_number, username, password, real_name, nickname, gender, department, grade, major, mail, phone, campus, dormitory, birthday, nation, politics_status, create_time, modify_time, deletion_time, del_flag, admin_flag) VALUES (1851907672375607296, 'TPI213swnzoNY9f0cttu4g==', 'root', 'CxDKpxUC3dSZvP0bkn/thg==', '超级管理员', '', '男', '装备部', 0, '', 'kjECtsVi6EX/AmIGWKae3Q==', 'kjECtsVi6EX/AmIGWKae3Q==', '东海岸校区', '', null, '', '', '2024-10-31 16:42:51', '2024-10-31 16:42:51', null, 0, 4);

INSERT INTO sloc.sloc_user_bonus (summary_id, user_id, daily_bonus, project_bonus, total_bonus, del_flag) VALUES (1851908121656938496, 1851906057212100608, 2, 15, 17, 0);
INSERT INTO sloc.sloc_user_bonus (summary_id, user_id, daily_bonus, project_bonus, total_bonus, del_flag) VALUES (1851908280432316416, 1851906059376361472, 4, 2, 6, 0);
INSERT INTO sloc.sloc_user_bonus (summary_id, user_id, daily_bonus, project_bonus, total_bonus, del_flag) VALUES (1851908390348247040, 1851906059795791872, 4, 35, 39, 0);
INSERT INTO sloc.sloc_user_bonus (summary_id, user_id, daily_bonus, project_bonus, total_bonus, del_flag) VALUES (1851909243343851520, 1851906059816763392, 20, 0, 20, 0);
INSERT INTO sloc.sloc_user_bonus (summary_id, user_id, daily_bonus, project_bonus, total_bonus, del_flag) VALUES (1851909578384855040, 1851906059837734912, 1, 0, 1, 0);
INSERT INTO sloc.sloc_user_bonus (summary_id, user_id, daily_bonus, project_bonus, total_bonus, del_flag) VALUES (1851909605433921536, 1851906059858706432, 0, 10, 10, 0);
INSERT INTO sloc.sloc_user_bonus (summary_id, user_id, daily_bonus, project_bonus, total_bonus, del_flag) VALUES (1851909652439486464, 1851906060009701376, 0, 15, 15, 0);
INSERT INTO sloc.sloc_user_bonus (summary_id, user_id, daily_bonus, project_bonus, total_bonus, del_flag) VALUES (1851909693870821376, 1851906060060033024, 1, 0, 1, 0);
INSERT INTO sloc.sloc_user_bonus (summary_id, user_id, daily_bonus, project_bonus, total_bonus, del_flag) VALUES (1851909722463391744, 1851906060081004544, 4, 0, 4, 0);
INSERT INTO sloc.sloc_user_bonus (summary_id, user_id, daily_bonus, project_bonus, total_bonus, del_flag) VALUES (1851909756617609216, 1851906060106170368, 0, 2, 2, 0);
INSERT INTO sloc.sloc_user_bonus (summary_id, user_id, daily_bonus, project_bonus, total_bonus, del_flag) VALUES (1851909802654289920, 1851906059879677952, 2, 0, 2, 0);
INSERT INTO sloc.sloc_user_bonus (summary_id, user_id, daily_bonus, project_bonus, total_bonus, del_flag) VALUES (1851909888117428224, 1851907672375607296, 1, 0, 1, 0);

INSERT INTO sloc.sloc_user_detail_bonus (integration_id, user_id, bonus_type, bonus_item, points, semester_max_points, academic, create_time, del_flag) VALUES (1851908121552080896, 1851906057212100608, '日常社团活动', '参加技能培训1次', 2, 0, '2024秋季学期', '2024-10-31 16:44:38', 0);
INSERT INTO sloc.sloc_user_detail_bonus (integration_id, user_id, bonus_type, bonus_item, points, semester_max_points, academic, create_time, del_flag) VALUES (1851908141886066688, 1851906057212100608, '项目活动策划', '担任校内活动组长/负责人1次', 10, 0, '2024秋季学期', '2024-10-31 16:44:42', 0);
INSERT INTO sloc.sloc_user_detail_bonus (integration_id, user_id, bonus_type, bonus_item, points, semester_max_points, academic, create_time, del_flag) VALUES (1851908166359830528, 1851906057212100608, '项目活动策划', '担任校内活动副组长、文秘等项目组成员1次', 5, 0, '2024秋季学期', '2024-10-31 16:44:48', 0);
INSERT INTO sloc.sloc_user_detail_bonus (integration_id, user_id, bonus_type, bonus_item, points, semester_max_points, academic, create_time, del_flag) VALUES (1851908280407150592, 1851906059376361472, '日常社团活动', '推文制作', 2, 10, '2024秋季学期', '2024-10-31 16:45:15', 0);
INSERT INTO sloc.sloc_user_detail_bonus (integration_id, user_id, bonus_type, bonus_item, points, semester_max_points, academic, create_time, del_flag) VALUES (1851908299424124928, 1851906059376361472, '项目活动策划', '参加校内活动或担任活动志愿者1次', 2, 0, '2024秋季学期', '2024-10-31 16:45:20', 0);
INSERT INTO sloc.sloc_user_detail_bonus (integration_id, user_id, bonus_type, bonus_item, points, semester_max_points, academic, create_time, del_flag) VALUES (1851908324334096384, 1851906059376361472, '日常社团活动', '推文制作', 2, 10, '2024秋季学期', '2024-10-31 16:45:26', 0);
INSERT INTO sloc.sloc_user_detail_bonus (integration_id, user_id, bonus_type, bonus_item, points, semester_max_points, academic, create_time, del_flag) VALUES (1851908390327275520, 1851906059795791872, '日常社团活动', '参加体能培训1次', 2, 0, '2024秋季学期', '2024-10-31 16:45:42', 0);
INSERT INTO sloc.sloc_user_detail_bonus (integration_id, user_id, bonus_type, bonus_item, points, semester_max_points, academic, create_time, del_flag) VALUES (1851908406689255424, 1851906059795791872, '项目活动策划', '担任校内活动组长/负责人1次', 10, 0, '2024秋季学期', '2024-10-31 16:45:46', 0);
INSERT INTO sloc.sloc_user_detail_bonus (integration_id, user_id, bonus_type, bonus_item, points, semester_max_points, academic, create_time, del_flag) VALUES (1851908526709264384, 1851906059795791872, '项目活动策划', '制作项目/活动计划书之团队1次', 20, 0, '2024秋季学期', '2024-10-31 16:46:14', 0);
INSERT INTO sloc.sloc_user_detail_bonus (integration_id, user_id, bonus_type, bonus_item, points, semester_max_points, academic, create_time, del_flag) VALUES (1851908566546763776, 1851906059795791872, '日常社团活动', '参与装备库工作', 2, 10, '2024秋季学期', '2024-10-31 16:46:24', 0);
INSERT INTO sloc.sloc_user_detail_bonus (integration_id, user_id, bonus_type, bonus_item, points, semester_max_points, academic, create_time, del_flag) VALUES (1851908586419376128, 1851906059795791872, '项目活动策划', '担任校内活动副组长、文秘等项目组成员1次', 5, 0, '2024秋季学期', '2024-10-31 16:46:28', 0);
INSERT INTO sloc.sloc_user_detail_bonus (integration_id, user_id, bonus_type, bonus_item, points, semester_max_points, academic, create_time, del_flag) VALUES (1851909243322880000, 1851906059816763392, '日常社团活动', '参与装备库工作', 2, 10, '2024秋季学期', '2024-10-31 16:49:05', 0);
INSERT INTO sloc.sloc_user_detail_bonus (integration_id, user_id, bonus_type, bonus_item, points, semester_max_points, academic, create_time, del_flag) VALUES (1851909270028013568, 1851906059816763392, '日常社团活动', '参与装备库工作', 2, 10, '2024秋季学期', '2024-10-31 16:49:11', 0);
INSERT INTO sloc.sloc_user_detail_bonus (integration_id, user_id, bonus_type, bonus_item, points, semester_max_points, academic, create_time, del_flag) VALUES (1851909286335467520, 1851906059816763392, '日常社团活动', '参与装备库工作', 2, 10, '2024秋季学期', '2024-10-31 16:49:15', 0);
INSERT INTO sloc.sloc_user_detail_bonus (integration_id, user_id, bonus_type, bonus_item, points, semester_max_points, academic, create_time, del_flag) VALUES (1851909300134727680, 1851906059816763392, '日常社团活动', '参与装备库工作', 2, 10, '2024秋季学期', '2024-10-31 16:49:19', 0);
INSERT INTO sloc.sloc_user_detail_bonus (integration_id, user_id, bonus_type, bonus_item, points, semester_max_points, academic, create_time, del_flag) VALUES (1851909318631608320, 1851906059816763392, '日常社团活动', '参与装备库工作', 2, 10, '2024秋季学期', '2024-10-31 16:49:23', 0);
INSERT INTO sloc.sloc_user_detail_bonus (integration_id, user_id, bonus_type, bonus_item, points, semester_max_points, academic, create_time, del_flag) VALUES (1851909385681752064, 1851906059816763392, '日常社团活动', '长跑1次', 1, 10, '2024秋季学期', '2024-10-31 16:49:39', 0);
INSERT INTO sloc.sloc_user_detail_bonus (integration_id, user_id, bonus_type, bonus_item, points, semester_max_points, academic, create_time, del_flag) VALUES (1851909399195799552, 1851906059816763392, '日常社团活动', '长跑1次', 1, 10, '2024秋季学期', '2024-10-31 16:49:42', 0);
INSERT INTO sloc.sloc_user_detail_bonus (integration_id, user_id, bonus_type, bonus_item, points, semester_max_points, academic, create_time, del_flag) VALUES (1851909412814704640, 1851906059816763392, '日常社团活动', '长跑1次', 1, 10, '2024秋季学期', '2024-10-31 16:49:45', 0);
INSERT INTO sloc.sloc_user_detail_bonus (integration_id, user_id, bonus_type, bonus_item, points, semester_max_points, academic, create_time, del_flag) VALUES (1851909428606259200, 1851906059816763392, '日常社团活动', '长跑1次', 1, 10, '2024秋季学期', '2024-10-31 16:49:49', 0);
INSERT INTO sloc.sloc_user_detail_bonus (integration_id, user_id, bonus_type, bonus_item, points, semester_max_points, academic, create_time, del_flag) VALUES (1851909441155616768, 1851906059816763392, '日常社团活动', '长跑1次', 1, 10, '2024秋季学期', '2024-10-31 16:49:52', 0);
INSERT INTO sloc.sloc_user_detail_bonus (integration_id, user_id, bonus_type, bonus_item, points, semester_max_points, academic, create_time, del_flag) VALUES (1851909454254428160, 1851906059816763392, '日常社团活动', '长跑1次', 1, 10, '2024秋季学期', '2024-10-31 16:49:55', 0);
INSERT INTO sloc.sloc_user_detail_bonus (integration_id, user_id, bonus_type, bonus_item, points, semester_max_points, academic, create_time, del_flag) VALUES (1851909469462974464, 1851906059816763392, '日常社团活动', '长跑1次', 1, 10, '2024秋季学期', '2024-10-31 16:49:59', 0);
INSERT INTO sloc.sloc_user_detail_bonus (integration_id, user_id, bonus_type, bonus_item, points, semester_max_points, academic, create_time, del_flag) VALUES (1851909481974583296, 1851906059816763392, '日常社团活动', '长跑1次', 1, 10, '2024秋季学期', '2024-10-31 16:50:02', 0);
INSERT INTO sloc.sloc_user_detail_bonus (integration_id, user_id, bonus_type, bonus_item, points, semester_max_points, academic, create_time, del_flag) VALUES (1851909497615142912, 1851906059816763392, '日常社团活动', '长跑1次', 1, 10, '2024秋季学期', '2024-10-31 16:50:06', 0);
INSERT INTO sloc.sloc_user_detail_bonus (integration_id, user_id, bonus_type, bonus_item, points, semester_max_points, academic, create_time, del_flag) VALUES (1851909510432935936, 1851906059816763392, '日常社团活动', '长跑1次', 1, 10, '2024秋季学期', '2024-10-31 16:50:09', 0);
INSERT INTO sloc.sloc_user_detail_bonus (integration_id, user_id, bonus_type, bonus_item, points, semester_max_points, academic, create_time, del_flag) VALUES (1851909578372272128, 1851906059837734912, '日常社团活动', '长跑1次', 1, 10, '2024秋季学期', '2024-10-31 16:50:25', 0);
INSERT INTO sloc.sloc_user_detail_bonus (integration_id, user_id, bonus_type, bonus_item, points, semester_max_points, academic, create_time, del_flag) VALUES (1851909605417144320, 1851906059858706432, '项目活动策划', '担任外出露营活动副组长、文秘等项目组成员1次', 10, 0, '2024秋季学期', '2024-10-31 16:50:31', 0);
INSERT INTO sloc.sloc_user_detail_bonus (integration_id, user_id, bonus_type, bonus_item, points, semester_max_points, academic, create_time, del_flag) VALUES (1851909652426903552, 1851906060009701376, '项目活动策划', '担任校内活动副组长、文秘等项目组成员1次', 5, 0, '2024秋季学期', '2024-10-31 16:50:43', 0);
INSERT INTO sloc.sloc_user_detail_bonus (integration_id, user_id, bonus_type, bonus_item, points, semester_max_points, academic, create_time, del_flag) VALUES (1851909668793077760, 1851906060009701376, '项目活动策划', '担任外出露营活动副组长、文秘等项目组成员1次', 10, 0, '2024秋季学期', '2024-10-31 16:50:47', 0);
INSERT INTO sloc.sloc_user_detail_bonus (integration_id, user_id, bonus_type, bonus_item, points, semester_max_points, academic, create_time, del_flag) VALUES (1851909693854044160, 1851906060060033024, '日常社团活动', '参与攀岩房攀岩活动1次', 1, 5, '2024秋季学期', '2024-10-31 16:50:52', 0);
INSERT INTO sloc.sloc_user_detail_bonus (integration_id, user_id, bonus_type, bonus_item, points, semester_max_points, academic, create_time, del_flag) VALUES (1851909722446614528, 1851906060081004544, '日常社团活动', '担任技能培训讲师或体能培训领队1次', 4, 0, '2024秋季学期', '2024-10-31 16:50:59', 0);
INSERT INTO sloc.sloc_user_detail_bonus (integration_id, user_id, bonus_type, bonus_item, points, semester_max_points, academic, create_time, del_flag) VALUES (1851909756605026304, 1851906060106170368, '项目活动策划', '参加校内活动或担任活动志愿者1次', 2, 0, '2024秋季学期', '2024-10-31 16:51:07', 0);
INSERT INTO sloc.sloc_user_detail_bonus (integration_id, user_id, bonus_type, bonus_item, points, semester_max_points, academic, create_time, del_flag) VALUES (1851909802637512704, 1851906059879677952, '日常社团活动', '推文制作', 2, 10, '2024秋季学期', '2024-10-31 16:51:18', 0);
INSERT INTO sloc.sloc_user_detail_bonus (integration_id, user_id, bonus_type, bonus_item, points, semester_max_points, academic, create_time, del_flag) VALUES (1851909888104845312, 1851907672375607296, '日常社团活动', '长跑1次', 1, 10, '2024秋季学期', '2024-10-31 16:51:39', 0);

INSERT INTO sloc.sloc_equipment (equipment_id, name, type, sum, rent, area, col, tier, del_flag) VALUES (1851910518898712576, '登山杖', '露营装备', 45, 69, 'A', '2', '4', 0);
INSERT INTO sloc.sloc_equipment (equipment_id, name, type, sum, rent, area, col, tier, del_flag) VALUES (1851910585026109440, '冲锋衣', '露营装备', 42, 67, 'B', '2', '4', 0);
INSERT INTO sloc.sloc_equipment (equipment_id, name, type, sum, rent, area, col, tier, del_flag) VALUES (1851910651040260096, '防风绳', '露营装备', 43, 25, 'E', '3', '5', 0);
INSERT INTO sloc.sloc_equipment (equipment_id, name, type, sum, rent, area, col, tier, del_flag) VALUES (1851910716777586688, '帐篷', '露营装备', 56, 3845, 'B', '3', '2', 0);
INSERT INTO sloc.sloc_equipment (equipment_id, name, type, sum, rent, area, col, tier, del_flag) VALUES (1851910805432590336, '冲锋裤', '户外鞋服', 34, 654, 'G', '4', '2', 0);
INSERT INTO sloc.sloc_equipment (equipment_id, name, type, sum, rent, area, col, tier, del_flag) VALUES (1851910898772631552, '对讲机', '电子设备', 4, 45, 'H', '7', '2', 0);
INSERT INTO sloc.sloc_equipment (equipment_id, name, type, sum, rent, area, col, tier, del_flag) VALUES (1851911019425980416, '登山包(大)', '露营装备', 564, 5464, 'Q', '7', '1', 0);
INSERT INTO sloc.sloc_equipment (equipment_id, name, type, sum, rent, area, col, tier, del_flag) VALUES (1851911104553574400, '照明灯', '电子设备', 23, 12, 'C', '3', '5', 0);
INSERT INTO sloc.sloc_equipment (equipment_id, name, type, sum, rent, area, col, tier, del_flag) VALUES (1851911189869912064, '攀冰杖', '攀登装备', 45, 234, 'N', '7', '1', 0);
INSERT INTO sloc.sloc_equipment (equipment_id, name, type, sum, rent, area, col, tier, del_flag) VALUES (1851911275844755456, '工兵铲', '其他', 1, 114514, 'B', '2', '8', 0);
INSERT INTO sloc.sloc_equipment (equipment_id, name, type, sum, rent, area, col, tier, del_flag) VALUES (1851911395936067584, '羽绒服', '户外鞋服', 534, 54, 'L', '3', '2', 0);
INSERT INTO sloc.sloc_equipment (equipment_id, name, type, sum, rent, area, col, tier, del_flag) VALUES (1851911488235921408, '抓绒衣', '户外鞋服', 23, 64, 'C', '5', '4', 0);
INSERT INTO sloc.sloc_equipment (equipment_id, name, type, sum, rent, area, col, tier, del_flag) VALUES (1851911586558795776, '防潮垫', '露营装备', 23, 45, 'W', '5', '2', 0);

INSERT INTO sloc.sloc_project (project_id, project_name, type, status, begin_time, end_time, del_flag) VALUES (1851908814870446080, '雪豹户外协会生日会', '协会团队建设', '策划阶段', '2024-11-07 08:00:00', '2024-11-08 08:00:00', 0);
INSERT INTO sloc.sloc_project (project_id, project_name, type, status, begin_time, end_time, del_flag) VALUES (1851909029572673536, '桑浦山踏青', '户外徒步', '完成阶段', '2024-10-01 08:00:00', '2024-10-04 08:00:00', 0);
INSERT INTO sloc.sloc_project (project_id, project_name, type, status, begin_time, end_time, del_flag) VALUES (1851909147407450112, '南澳岛徒步', '户外徒步', '实施阶段', '2024-10-15 08:00:00', '2024-10-17 08:00:00', 0);
INSERT INTO sloc.sloc_project (project_id, project_name, type, status, begin_time, end_time, del_flag) VALUES (1851910280595144704, '南澳马拉松', '志愿活动', '完成阶段', '2024-07-10 08:00:00', '2024-10-15 08:00:00', 0);
INSERT INTO sloc.sloc_project (project_id, project_name, type, status, begin_time, end_time, del_flag) VALUES (1851910405996445696, '亚青会校内马拉松', '文体活动', '完成阶段', '2022-10-05 08:00:00', '2022-10-22 08:00:00', 0);

INSERT INTO sloc.sloc_project_member (member_id, user_id, project_id, role_type, del_flag) VALUES (1851908815172435968, 1851906059795791872, 1851908814870446080, '组长', 0);
INSERT INTO sloc.sloc_project_member (member_id, user_id, project_id, role_type, del_flag) VALUES (1851908815222767616, 1851906059573493760, 1851908814870446080, '副组长', 0);
INSERT INTO sloc.sloc_project_member (member_id, user_id, project_id, role_type, del_flag) VALUES (1851908815252127744, 1851906059602853888, 1851908814870446080, '装备委员', 0);
INSERT INTO sloc.sloc_project_member (member_id, user_id, project_id, role_type, del_flag) VALUES (1851909029606227968, 1851907672375607296, 1851909029572673536, '项目跟进人员', 0);
INSERT INTO sloc.sloc_project_member (member_id, user_id, project_id, role_type, del_flag) VALUES (1851909147432615936, 1851906059602853888, 1851909147407450112, '宣传委员', 0);
INSERT INTO sloc.sloc_project_member (member_id, user_id, project_id, role_type, del_flag) VALUES (1851910280616116224, 1851906059602853888, 1851910280595144704, '组长', 0);
INSERT INTO sloc.sloc_project_member (member_id, user_id, project_id, role_type, del_flag) VALUES (1851910406021611520, 1851906059326029824, 1851910405996445696, '组长', 0);
